palette,appearance,role,raw,resolved,variant,minimum,raw_ratio,resolved_ratio,backgrounds
pearl,light,text,#171a20,#171a20,authored,4.5,12.708117,12.708117,#f4f4f4|#f4f4f4|#e6e6e6|#dcdcdc
pearl,light,metadata,#60636a,#5f6168,contrast-enhanced,4.5,4.387656,4.508917,#f4f4f4|#f4f4f4|#e6e6e6|#dcdcdc
pearl,light,accentText,#eee9dc,#656156,contrast-enhanced,4.5,1.029627,4.507267,#f4f4f4|#f4f4f4|#e6e6e6|#dcdcdc
pearl,light,selectedAccent,#eee9dc,#eee9dc,authored,4.5,14.376588,14.376588,#171a20
pearl,light,selectedText,#f4f4f4,#f4f4f4,authored,4.5,15.844389,15.844389,#171a20
pearl,light,focus,#eee9dc,#817c71,contrast-enhanced,3,1.029627,3.029488,#f4f4f4|#f4f4f4|#e6e6e6|#dcdcdc
pearl,light,boundary,#60636a,#60636a,authored,3,4.387656,4.387656,#f4f4f4|#f4f4f4|#e6e6e6|#dcdcdc
pearl,light,chartPrimary,#c7c2b3,#666154,contrast-enhanced,4.5,1.298218,4.500304,#f4f4f4|#f4f4f4|#e6e6e6|#dcdcdc
pearl,light,chartSecondary,#6b8cab,#456482,contrast-enhanced,4.5,2.567525,4.506397,#f4f4f4|#f4f4f4|#e6e6e6|#dcdcdc
pearl,light,indicator,#eee9dc,#817c71,contrast-enhanced,3,1.029627,3.029488,#f4f4f4|#f4f4f4|#e6e6e6|#dcdcdc
pearl,light,effectSurface,#6b8cab,#60809f,contrast-enhanced,3,2.567525,3.011181,#f4f4f4|#f4f4f4|#e6e6e6|#dcdcdc
pearl,light,success,#167442,#0e6f3e,contrast-enhanced,4.5,4.240964,4.554977,#f4f4f4|#f4f4f4|#e6e6e6|#dcdcdc
pearl,light,caution,#975800,#8e5300,contrast-enhanced,4.5,4.125780,4.520754,#f4f4f4|#f4f4f4|#e6e6e6|#dcdcdc
pearl,light,alert,#bb282d,#ba262c,contrast-enhanced,4.5,4.433190,4.502178,#f4f4f4|#f4f4f4|#e6e6e6|#dcdcdc
pearl,light,accentFillText,#f4f4f4,#f4f4f4,authored,4.5,5.619629,5.619629,#656156
pearl,light,effectText,#171a20,#101319,contrast-enhanced,4.5,4.220309,4.503708,#60809f
pearl,dark,text,#f4f4f4,#f4f4f4,authored,4.5,11.487442,11.487442,#1a1a1a|#0f0f0f|#262626|#333333
pearl,dark,metadata,#b0b0b0,#b0b0b0,authored,4.5,5.825823,5.825823,#1a1a1a|#0f0f0f|#262626|#333333
pearl,dark,accentText,#eee9dc,#eee9dc,authored,4.5,10.423262,10.423262,#1a1a1a|#0f0f0f|#262626|#333333
pearl,dark,selectedAccent,#eee9dc,#746f64,contrast-enhanced,4.5,1.102097,4.545576,#f4f4f4
pearl,dark,selectedText,#171a20,#171a20,authored,4.5,15.844389,15.844389,#f4f4f4
pearl,dark,focus,#eee9dc,#eee9dc,authored,3,10.423262,10.423262,#1a1a1a|#0f0f0f|#262626|#333333
pearl,dark,boundary,#b0b0b0,#b0b0b0,authored,3,5.825823,5.825823,#1a1a1a|#0f0f0f|#262626|#333333
pearl,dark,chartPrimary,#c7c2b3,#c7c2b3,authored,4.5,7.097109,7.097109,#1a1a1a|#0f0f0f|#262626|#333333
pearl,dark,chartSecondary,#6b8cab,#7c9ebd,contrast-enhanced,4.5,3.588511,4.501899,#1a1a1a|#0f0f0f|#262626|#333333
pearl,dark,indicator,#eee9dc,#eee9dc,authored,3,10.423262,10.423262,#1a1a1a|#0f0f0f|#262626|#333333
pearl,dark,effectSurface,#6b8cab,#6b8cab,authored,3,3.588511,3.588511,#1a1a1a|#0f0f0f|#262626|#333333
pearl,dark,success,#55d991,#55d991,authored,4.5,7.051501,7.051501,#1a1a1a|#0f0f0f|#262626|#333333
pearl,dark,caution,#f3a84c,#f3a84c,authored,4.5,6.327164,6.327164,#1a1a1a|#0f0f0f|#262626|#333333
pearl,dark,alert,#ff7770,#ff7770,authored,4.5,4.888228,4.888228,#1a1a1a|#0f0f0f|#262626|#333333
pearl,dark,accentFillText,#171a20,#171a20,authored,4.5,14.376588,14.376588,#eee9dc
pearl,dark,effectText,#171a20,#171a20,authored,4.5,4.949559,4.949559,#6b8cab
graphite,light,text,#171a20,#171a20,authored,4.5,12.708117,12.708117,#f4f4f4|#f4f4f4|#e6e6e6|#dcdcdc
graphite,light,metadata,#60636a,#5f6168,contrast-enhanced,4.5,4.387656,4.508917,#f4f4f4|#f4f4f4|#e6e6e6|#dcdcdc
graphite,light,accentText,#454646,#454646,authored,4.5,6.905778,6.905778,#f4f4f4|#f4f4f4|#e6e6e6|#dcdcdc
graphite,light,selectedAccent,#454646,#808281,contrast-enhanced,4.5,1.840215,4.504298,#171a20
graphite,light,selectedText,#f4f4f4,#f4f4f4,authored,4.5,15.844389,15.844389,#171a20
graphite,light,focus,#454646,#454646,authored,3,6.905778,6.905778,#f4f4f4|#f4f4f4|#e6e6e6|#dcdcdc
graphite,light,boundary,#60636a,#60636a,authored,3,4.387656,4.387656,#f4f4f4|#f4f4f4|#e6e6e6|#dcdcdc
graphite,light,chartPrimary,#7a807d,#5d6260,contrast-enhanced,4.5,2.938579,4.528842,#f4f4f4|#f4f4f4|#e6e6e6|#dcdcdc
graphite,light,chartSecondary,#305273,#305273,authored,4.5,5.935254,5.935254,#f4f4f4|#f4f4f4|#e6e6e6|#dcdcdc
graphite,light,indicator,#454646,#454646,authored,3,6.905778,6.905778,#f4f4f4|#f4f4f4|#e6e6e6|#dcdcdc
graphite,light,effectSurface,#305273,#305273,authored,3,5.935254,5.935254,#f4f4f4|#f4f4f4|#e6e6e6|#dcdcdc
graphite,light,success,#167442,#0e6f3e,contrast-enhanced,4.5,4.240964,4.554977,#f4f4f4|#f4f4f4|#e6e6e6|#dcdcdc
graphite,light,caution,#975800,#8e5300,contrast-enhanced,4.5,4.125780,4.520754,#f4f4f4|#f4f4f4|#e6e6e6|#dcdcdc
graphite,light,alert,#bb282d,#ba262c,contrast-enhanced,4.5,4.433190,4.502178,#f4f4f4|#f4f4f4|#e6e6e6|#dcdcdc
graphite,light,accentFillText,#f4f4f4,#f4f4f4,authored,4.5,8.610074,8.610074,#454646
graphite,light,effectText,#f4f4f4,#f4f4f4,authored,4.5,7.400033,7.400033,#305273
graphite,dark,text,#f4f4f4,#f4f4f4,authored,4.5,11.487442,11.487442,#1a1a1a|#0f0f0f|#262626|#333333
graphite,dark,metadata,#b0b0b0,#b0b0b0,authored,4.5,5.825823,5.825823,#1a1a1a|#0f0f0f|#262626|#333333
graphite,dark,accentText,#454646,#999b9a,contrast-enhanced,4.5,1.334186,4.518163,#1a1a1a|#0f0f0f|#262626|#333333
graphite,dark,selectedAccent,#454646,#454646,authored,4.5,8.610074,8.610074,#f4f4f4
graphite,dark,selectedText,#171a20,#171a20,authored,4.5,15.844389,15.844389,#f4f4f4
graphite,dark,focus,#454646,#7a7c7b,contrast-enhanced,3,1.334186,3.006198,#1a1a1a|#0f0f0f|#262626|#333333
graphite,dark,boundary,#b0b0b0,#b0b0b0,authored,3,5.825823,5.825823,#1a1a1a|#0f0f0f|#262626|#333333
graphite,dark,chartPrimary,#7a807d,#959c98,contrast-enhanced,4.5,3.135390,4.504374,#1a1a1a|#0f0f0f|#262626|#333333
graphite,dark,chartSecondary,#305273,#799ec2,contrast-enhanced,4.5,1.552350,4.501993,#1a1a1a|#0f0f0f|#262626|#333333
graphite,dark,indicator,#454646,#7a7c7b,contrast-enhanced,3,1.334186,3.006198,#1a1a1a|#0f0f0f|#262626|#333333
graphite,dark,effectSurface,#305273,#5b7fa2,contrast-enhanced,3,1.552350,3.009638,#1a1a1a|#0f0f0f|#262626|#333333
graphite,dark,success,#55d991,#55d991,authored,4.5,7.051501,7.051501,#1a1a1a|#0f0f0f|#262626|#333333
graphite,dark,caution,#f3a84c,#f3a84c,authored,4.5,6.327164,6.327164,#1a1a1a|#0f0f0f|#262626|#333333
graphite,dark,alert,#ff7770,#ff7770,authored,4.5,4.888228,4.888228,#1a1a1a|#0f0f0f|#262626|#333333
graphite,dark,accentFillText,#171a20,#171a20,authored,4.5,6.231808,6.231808,#999b9a
graphite,dark,effectText,#171a20,#0e1117,contrast-enhanced,4.5,4.151131,4.501616,#5b7fa2
red,light,text,#171a20,#171a20,authored,4.5,12.708117,12.708117,#f4f4f4|#f4f4f4|#e6e6e6|#dcdcdc
red,light,metadata,#60636a,#5f6168,contrast-enhanced,4.5,4.387656,4.508917,#f4f4f4|#f4f4f4|#e6e6e6|#dcdcdc
red,light,accentText,#ed2d24,#c50005,contrast-enhanced,4.5,3.061712,4.535757,#f4f4f4|#f4f4f4|#e6e6e6|#dcdcdc
red,light,selectedAccent,#ed2d24,#f5362c,contrast-enhanced,4.5,4.150657,4.519770,#171a20
red,light,selectedText,#f4f4f4,#f4f4f4,authored,4.5,15.844389,15.844389,#171a20
red,light,focus,#ed2d24,#ed2d24,authored,3,3.061712,3.061712,#f4f4f4|#f4f4f4|#e6e6e6|#dcdcdc
red,light,boundary,#60636a,#60636a,authored,3,4.387656,4.387656,#f4f4f4|#f4f4f4|#e6e6e6|#dcdcdc
red,light,chartPrimary,#ed1209,#c50200,contrast-enhanced,4.5,3.264262,4.527052,#f4f4f4|#f4f4f4|#e6e6e6|#dcdcdc
red,light,chartSecondary,#0a33b8,#0a33b8,authored,4.5,7.029306,7.029306,#f4f4f4|#f4f4f4|#e6e6e6|#dcdcdc
red,light,indicator,#ed2d24,#ed2d24,authored,3,3.061712,3.061712,#f4f4f4|#f4f4f4|#e6e6e6|#dcdcdc
red,light,effectSurface,#0a33b8,#0a33b8,authored,3,7.029306,7.029306,#f4f4f4|#f4f4f4|#e6e6e6|#dcdcdc
red,light,success,#167442,#0e6f3e,contrast-enhanced,4.5,4.240964,4.554977,#f4f4f4|#f4f4f4|#e6e6e6|#dcdcdc
red,light,caution,#975800,#8e5300,contrast-enhanced,4.5,4.125780,4.520754,#f4f4f4|#f4f4f4|#e6e6e6|#dcdcdc
red,light,alert,#bb282d,#ba262c,contrast-enhanced,4.5,4.433190,4.502178,#f4f4f4|#f4f4f4|#e6e6e6|#dcdcdc
red,light,accentFillText,#f4f4f4,#f4f4f4,authored,4.5,5.655149,5.655149,#c50005
red,light,effectText,#f4f4f4,#f4f4f4,authored,4.5,8.764089,8.764089,#0a33b8
red,dark,text,#f4f4f4,#f4f4f4,authored,4.5,11.487442,11.487442,#1a1a1a|#0f0f0f|#262626|#333333
red,dark,metadata,#b0b0b0,#b0b0b0,authored,4.5,5.825823,5.825823,#1a1a1a|#0f0f0f|#262626|#333333
red,dark,accentText,#ed2d24,#ff6b5a,contrast-enhanced,4.5,3.009295,4.514010,#1a1a1a|#0f0f0f|#262626|#333333
red,dark,selectedAccent,#ed2d24,#de1613,contrast-enhanced,4.5,3.817321,4.513672,#f4f4f4
red,dark,selectedText,#171a20,#171a20,authored,4.5,15.844389,15.844389,#f4f4f4
red,dark,focus,#ed2d24,#ed2d24,authored,3,3.009295,3.009295,#1a1a1a|#0f0f0f|#262626|#333333
red,dark,boundary,#b0b0b0,#b0b0b0,authored,3,5.825823,5.825823,#1a1a1a|#0f0f0f|#262626|#333333
red,dark,chartPrimary,#ed1209,#ff6b59,contrast-enhanced,4.5,2.822565,4.511975,#1a1a1a|#0f0f0f|#262626|#333333
red,dark,chartSecondary,#0a33b8,#6998ff,contrast-enhanced,4.5,1.310740,4.534004,#1a1a1a|#0f0f0f|#262626|#333333
red,dark,indicator,#ed2d24,#ed2d24,authored,3,3.009295,3.009295,#1a1a1a|#0f0f0f|#262626|#333333
red,dark,effectSurface,#0a33b8,#3c73fa,contrast-enhanced,3,1.310740,3.023203,#1a1a1a|#0f0f0f|#262626|#333333
red,dark,success,#55d991,#55d991,authored,4.5,7.051501,7.051501,#1a1a1a|#0f0f0f|#262626|#333333
red,dark,caution,#f3a84c,#f3a84c,authored,4.5,6.327164,6.327164,#1a1a1a|#0f0f0f|#262626|#333333
red,dark,alert,#ff7770,#ff7770,authored,4.5,4.888228,4.888228,#1a1a1a|#0f0f0f|#262626|#333333
red,dark,accentFillText,#171a20,#171a20,authored,4.5,6.226080,6.226080,#ff6b5a
red,dark,effectText,#171a20,#0f1117,contrast-enhanced,4.5,4.169840,4.515244,#3c73fa
blue,light,text,#171a20,#171a20,authored,4.5,12.708117,12.708117,#f4f4f4|#f4f4f4|#e6e6e6|#dcdcdc
blue,light,metadata,#60636a,#5f6168,contrast-enhanced,4.5,4.387656,4.508917,#f4f4f4|#f4f4f4|#e6e6e6|#dcdcdc
blue,light,accentText,#203c6e,#203c6e,authored,4.5,7.922675,7.922675,#f4f4f4|#f4f4f4|#e6e6e6|#dcdcdc
blue,light,selectedAccent,#203c6e,#6283ba,contrast-enhanced,4.5,1.604018,4.543301,#171a20
blue,light,selectedText,#f4f4f4,#f4f4f4,authored,4.5,15.844389,15.844389,#171a20
blue,light,focus,#203c6e,#203c6e,authored,3,7.922675,7.922675,#f4f4f4|#f4f4f4|#e6e6e6|#dcdcdc
blue,light,boundary,#60636a,#60636a,authored,3,4.387656,4.387656,#f4f4f4|#f4f4f4|#e6e6e6|#dcdcdc
blue,light,chartPrimary,#0e3b8f,#0e3b8f,authored,4.5,7.503517,7.503517,#f4f4f4|#f4f4f4|#e6e6e6|#dcdcdc
blue,light,chartSecondary,#c2d1e6,#556275,contrast-enhanced,4.5,1.129617,4.517096,#f4f4f4|#f4f4f4|#e6e6e6|#dcdcdc
blue,light,indicator,#203c6e,#203c6e,authored,3,7.922675,7.922675,#f4f4f4|#f4f4f4|#e6e6e6|#dcdcdc
blue,light,effectSurface,#c2d1e6,#717e92,contrast-enhanced,3,1.129617,3.001808,#f4f4f4|#f4f4f4|#e6e6e6|#dcdcdc
blue,light,success,#167442,#0e6f3e,contrast-enhanced,4.5,4.240964,4.554977,#f4f4f4|#f4f4f4|#e6e6e6|#dcdcdc
blue,light,caution,#975800,#8e5300,contrast-enhanced,4.5,4.125780,4.520754,#f4f4f4|#f4f4f4|#e6e6e6|#dcdcdc
blue,light,alert,#bb282d,#ba262c,contrast-enhanced,4.5,4.433190,4.502178,#f4f4f4|#f4f4f4|#e6e6e6|#dcdcdc
blue,light,accentFillText,#f4f4f4,#f4f4f4,authored,4.5,9.877935,9.877935,#203c6e
blue,light,effectText,#171a20,#111319,contrast-enhanced,4.5,4.233487,4.510571,#717e92
blue,dark,text,#f4f4f4,#f4f4f4,authored,4.5,11.487442,11.487442,#1a1a1a|#0f0f0f|#262626|#333333
blue,dark,metadata,#b0b0b0,#b0b0b0,authored,4.5,5.825823,5.825823,#1a1a1a|#0f0f0f|#262626|#333333
blue,dark,accentText,#203c6e,#7a9cd5,contrast-enhanced,4.5,1.162940,4.538681,#1a1a1a|#0f0f0f|#262626|#333333
blue,dark,selectedAccent,#203c6e,#203c6e,authored,4.5,9.877935,9.877935,#f4f4f4
blue,dark,selectedText,#171a20,#171a20,authored,4.5,15.844389,15.844389,#f4f4f4
blue,dark,focus,#203c6e,#5c7cb3,contrast-enhanced,3,1.162940,3.001668,#1a1a1a|#0f0f0f|#262626|#333333
blue,dark,boundary,#b0b0b0,#b0b0b0,authored,3,5.825823,5.825823,#1a1a1a|#0f0f0f|#262626|#333333
blue,dark,chartPrimary,#0e3b8f,#679af6,contrast-enhanced,4.5,1.227903,4.530256,#1a1a1a|#0f0f0f|#262626|#333333
blue,dark,chartSecondary,#c2d1e6,#c2d1e6,authored,4.5,8.156383,8.156383,#1a1a1a|#0f0f0f|#262626|#333333
blue,dark,indicator,#203c6e,#5c7cb3,contrast-enhanced,3,1.162940,3.001668,#1a1a1a|#0f0f0f|#262626|#333333
blue,dark,effectSurface,#c2d1e6,#c2d1e6,authored,3,8.156383,8.156383,#1a1a1a|#0f0f0f|#262626|#333333
blue,dark,success,#55d991,#55d991,authored,4.5,7.051501,7.051501,#1a1a1a|#0f0f0f|#262626|#333333
blue,dark,caution,#f3a84c,#f3a84c,authored,4.5,6.327164,6.327164,#1a1a1a|#0f0f0f|#262626|#333333
blue,dark,alert,#ff7770,#ff7770,authored,4.5,4.888228,4.888228,#1a1a1a|#0f0f0f|#262626|#333333
blue,dark,accentFillText,#171a20,#171a20,authored,4.5,6.260109,6.260109,#7a9cd5
blue,dark,effectText,#171a20,#171a20,authored,4.5,11.249930,11.249930,#c2d1e6
silver,light,text,#171a20,#171a20,authored,4.5,12.708117,12.708117,#f4f4f4|#f4f4f4|#e6e6e6|#dcdcdc
silver,light,metadata,#60636a,#5f6168,contrast-enhanced,4.5,4.387656,4.508917,#f4f4f4|#f4f4f4|#e6e6e6|#dcdcdc
silver,light,accentText,#a6a7a3,#61615e,contrast-enhanced,4.5,1.764727,4.531018,#f4f4f4|#f4f4f4|#e6e6e6|#dcdcdc
silver,light,selectedAccent,#a6a7a3,#a6a7a3,authored,4.5,7.201178,7.201178,#171a20
silver,light,selectedText,#f4f4f4,#f4f4f4,authored,4.5,15.844389,15.844389,#171a20
silver,light,focus,#a6a7a3,#7d7d7a,contrast-enhanced,3,1.764727,3.010707,#f4f4f4|#f4f4f4|#e6e6e6|#dcdcdc
silver,light,boundary,#60636a,#60636a,authored,3,4.387656,4.387656,#f4f4f4|#f4f4f4|#e6e6e6|#dcdcdc
silver,light,chartPrimary,#a8aba6,#5f625e,contrast-enhanced,4.5,1.693869,4.510337,#f4f4f4|#f4f4f4|#e6e6e6|#dcdcdc
silver,light,chartSecondary,#476b8f,#406488,contrast-enhanced,4.5,4.064589,4.508879,#f4f4f4|#f4f4f4|#e6e6e6|#dcdcdc
silver,light,indicator,#a6a7a3,#7d7d7a,contrast-enhanced,3,1.764727,3.010707,#f4f4f4|#f4f4f4|#e6e6e6|#dcdcdc
silver,light,effectSurface,#476b8f,#476b8f,authored,3,4.064589,4.064589,#f4f4f4|#f4f4f4|#e6e6e6|#dcdcdc
silver,light,success,#167442,#0e6f3e,contrast-enhanced,4.5,4.240964,4.554977,#f4f4f4|#f4f4f4|#e6e6e6|#dcdcdc
silver,light,caution,#975800,#8e5300,contrast-enhanced,4.5,4.125780,4.520754,#f4f4f4|#f4f4f4|#e6e6e6|#dcdcdc
silver,light,alert,#bb282d,#ba262c,contrast-enhanced,4.5,4.433190,4.502178,#f4f4f4|#f4f4f4|#e6e6e6|#dcdcdc
silver,light,accentFillText,#f4f4f4,#f4f4f4,authored,4.5,5.649241,5.649241,#61615e
silver,light,effectText,#f4f4f4,#f4f4f4,authored,4.5,5.067700,5.067700,#476b8f
silver,dark,text,#f4f4f4,#f4f4f4,authored,4.5,11.487442,11.487442,#1a1a1a|#0f0f0f|#262626|#333333
silver,dark,metadata,#b0b0b0,#b0b0b0,authored,4.5,5.825823,5.825823,#1a1a1a|#0f0f0f|#262626|#333333
silver,dark,accentText,#a6a7a3,#a6a7a3,authored,4.5,5.220972,5.220972,#1a1a1a|#0f0f0f|#262626|#333333
silver,dark,selectedAccent,#a6a7a3,#70706d,contrast-enhanced,4.5,2.200250,4.516495,#f4f4f4
silver,dark,selectedText,#171a20,#171a20,authored,4.5,15.844389,15.844389,#f4f4f4
silver,dark,focus,#a6a7a3,#a6a7a3,authored,3,5.220972,5.220972,#1a1a1a|#0f0f0f|#262626|#333333
silver,dark,boundary,#b0b0b0,#b0b0b0,authored,3,5.825823,5.825823,#1a1a1a|#0f0f0f|#262626|#333333
silver,dark,chartPrimary,#a8aba6,#a8aba6,authored,4.5,5.439378,5.439378,#1a1a1a|#0f0f0f|#262626|#333333
silver,dark,chartSecondary,#476b8f,#789ec4,contrast-enhanced,4.5,2.266796,4.504232,#1a1a1a|#0f0f0f|#262626|#333333
silver,dark,indicator,#a6a7a3,#a6a7a3,authored,3,5.220972,5.220972,#1a1a1a|#0f0f0f|#262626|#333333
silver,dark,effectSurface,#476b8f,#5a7fa4,contrast-enhanced,3,2.266796,3.012191,#1a1a1a|#0f0f0f|#262626|#333333
silver,dark,success,#55d991,#55d991,authored,4.5,7.051501,7.051501,#1a1a1a|#0f0f0f|#262626|#333333
silver,dark,caution,#f3a84c,#f3a84c,authored,4.5,6.327164,6.327164,#1a1a1a|#0f0f0f|#262626|#333333
silver,dark,alert,#ff7770,#ff7770,authored,4.5,4.888228,4.888228,#1a1a1a|#0f0f0f|#262626|#333333
silver,dark,accentFillText,#171a20,#171a20,authored,4.5,7.201178,7.201178,#a6a7a3
silver,dark,effectText,#171a20,#0e1117,contrast-enhanced,4.5,4.154652,4.505434,#5a7fa4
neon,light,text,#171a20,#171a20,authored,4.5,12.708117,12.708117,#f4f4f4|#f4f4f4|#e6e6e6|#dcdcdc
neon,light,metadata,#60636a,#5f6168,contrast-enhanced,4.5,4.387656,4.508917,#f4f4f4|#f4f4f4|#e6e6e6|#dcdcdc
neon,light,accentText,#ff2d95,#be006b,contrast-enhanced,4.5,2.526483,4.501779,#f4f4f4|#f4f4f4|#e6e6e6|#dcdcdc
neon,light,selectedAccent,#ff2d95,#ff2d95,authored,4.5,5.029964,5.029964,#171a20
neon,light,selectedText,#f4f4f4,#f4f4f4,authored,4.5,15.844389,15.844389,#171a20
neon,light,focus,#ff2d95,#ef1088,contrast-enhanced,3,2.526483,3.002852,#f4f4f4|#f4f4f4|#e6e6e6|#dcdcdc
neon,light,boundary,#60636a,#60636a,authored,3,4.387656,4.387656,#f4f4f4|#f4f4f4|#e6e6e6|#dcdcdc
neon,light,chartPrimary,#ff1a85,#bf0061,contrast-enhanced,4.5,2.668643,4.520184,#f4f4f4|#f4f4f4|#e6e6e6|#dcdcdc
neon,light,chartSecondary,#2eff5c,#007120,contrast-enhanced,4.5,1.017033,4.526836,#f4f4f4|#f4f4f4|#e6e6e6|#dcdcdc
neon,light,indicator,#ff2d95,#ef1088,contrast-enhanced,3,2.526483,3.002852,#f4f4f4|#f4f4f4|#e6e6e6|#dcdcdc
neon,light,effectSurface,#2eff5c,#00912b,contrast-enhanced,3,1.017033,3.011552,#f4f4f4|#f4f4f4|#e6e6e6|#dcdcdc
neon,light,success,#167442,#0e6f3e,contrast-enhanced,4.5,4.240964,4.554977,#f4f4f4|#f4f4f4|#e6e6e6|#dcdcdc
neon,light,caution,#975800,#8e5300,contrast-enhanced,4.5,4.125780,4.520754,#f4f4f4|#f4f4f4|#e6e6e6|#dcdcdc
neon,light,alert,#bb282d,#ba262c,contrast-enhanced,4.5,4.433190,4.502178,#f4f4f4|#f4f4f4|#e6e6e6|#dcdcdc
neon,light,accentFillText,#f4f4f4,#f4f4f4,authored,4.5,5.612786,5.612786,#be006b
neon,light,effectText,#171a20,#101319,contrast-enhanced,4.5,4.219790,4.503154,#00912b
neon,dark,text,#f4f4f4,#f4f4f4,authored,4.5,11.487442,11.487442,#1a1a1a|#0f0f0f|#262626|#333333
neon,dark,metadata,#b0b0b0,#b0b0b0,authored,4.5,5.825823,5.825823,#1a1a1a|#0f0f0f|#262626|#333333
neon,dark,accentText,#ff2d95,#ff61a3,contrast-enhanced,4.5,3.646806,4.506809,#1a1a1a|#0f0f0f|#262626|#333333
neon,dark,selectedAccent,#ff2d95,#d9007a,contrast-enhanced,4.5,3.150001,4.512302,#f4f4f4
neon,dark,selectedText,#171a20,#171a20,authored,4.5,15.844389,15.844389,#f4f4f4
neon,dark,focus,#ff2d95,#ff2d95,authored,3,3.646806,3.646806,#1a1a1a|#0f0f0f|#262626|#333333
neon,dark,boundary,#b0b0b0,#b0b0b0,authored,3,5.825823,5.825823,#1a1a1a|#0f0f0f|#262626|#333333
neon,dark,chartPrimary,#ff1a85,#ff639a,contrast-enhanced,4.5,3.452539,4.514395,#1a1a1a|#0f0f0f|#262626|#333333
neon,dark,chartSecondary,#2eff5c,#2eff5c,authored,4.5,9.370527,9.370527,#1a1a1a|#0f0f0f|#262626|#333333
neon,dark,indicator,#ff2d95,#ff2d95,authored,3,3.646806,3.646806,#1a1a1a|#0f0f0f|#262626|#333333
neon,dark,effectSurface,#2eff5c,#2eff5c,authored,3,9.370527,9.370527,#1a1a1a|#0f0f0f|#262626|#333333
neon,dark,success,#55d991,#55d991,authored,4.5,7.051501,7.051501,#1a1a1a|#0f0f0f|#262626|#333333
neon,dark,caution,#f3a84c,#f3a84c,authored,4.5,6.327164,6.327164,#1a1a1a|#0f0f0f|#262626|#333333
neon,dark,alert,#ff7770,#ff7770,authored,4.5,4.888228,4.888228,#1a1a1a|#0f0f0f|#262626|#333333
neon,dark,accentFillText,#171a20,#171a20,authored,4.5,6.216148,6.216148,#ff61a3
neon,dark,effectText,#171a20,#171a20,authored,4.5,12.924573,12.924573,#2eff5c
mint,light,text,#171a20,#171a20,authored,4.5,12.708117,12.708117,#f4f4f4|#f4f4f4|#e6e6e6|#dcdcdc
mint,light,metadata,#60636a,#5f6168,contrast-enhanced,4.5,4.387656,4.508917,#f4f4f4|#f4f4f4|#e6e6e6|#dcdcdc
mint,light,accentText,#a8e6cf,#2f6b58,contrast-enhanced,4.5,1.028834,4.551114,#f4f4f4|#f4f4f4|#e6e6e6|#dcdcdc
mint,light,selectedAccent,#a8e6cf,#a8e6cf,authored,4.5,12.351965,12.351965,#171a20
mint,light,selectedText,#f4f4f4,#f4f4f4,authored,4.5,15.844389,15.844389,#171a20
mint,light,focus,#a8e6cf,#4d8874,contrast-enhanced,3,1.028834,3.008967,#f4f4f4|#f4f4f4|#e6e6e6|#dcdcdc
mint,light,boundary,#60636a,#60636a,authored,3,4.387656,4.387656,#f4f4f4|#f4f4f4|#e6e6e6|#dcdcdc
mint,light,chartPrimary,#99e6c9,#1b6d55,contrast-enhanced,4.5,1.054922,4.550612,#f4f4f4|#f4f4f4|#e6e6e6|#dcdcdc
mint,light,chartSecondary,#db3899,#ba047d,contrast-enhanced,4.5,3.039875,4.502330,#f4f4f4|#f4f4f4|#e6e6e6|#dcdcdc
mint,light,indicator,#a8e6cf,#4d8874,contrast-enhanced,3,1.028834,3.008967,#f4f4f4|#f4f4f4|#e6e6e6|#dcdcdc
mint,light,effectSurface,#db3899,#db3899,authored,3,3.039875,3.039875,#f4f4f4|#f4f4f4|#e6e6e6|#dcdcdc
mint,light,success,#167442,#0e6f3e,contrast-enhanced,4.5,4.240964,4.554977,#f4f4f4|#f4f4f4|#e6e6e6|#dcdcdc
mint,light,caution,#975800,#8e5300,contrast-enhanced,4.5,4.125780,4.520754,#f4f4f4|#f4f4f4|#e6e6e6|#dcdcdc
mint,light,alert,#bb282d,#ba262c,contrast-enhanced,4.5,4.433190,4.502178,#f4f4f4|#f4f4f4|#e6e6e6|#dcdcdc
mint,light,accentFillText,#f4f4f4,#f4f4f4,authored,4.5,5.674297,5.674297,#2f6b58
mint,light,effectText,#171a20,#0f1217,contrast-enhanced,4.5,4.180474,4.501104,#db3899
mint,dark,text,#f4f4f4,#f4f4f4,authored,4.5,11.487442,11.487442,#1a1a1a|#0f0f0f|#262626|#333333
mint,dark,metadata,#b0b0b0,#b0b0b0,authored,4.5,5.825823,5.825823,#1a1a1a|#0f0f0f|#262626|#333333
mint,dark,accentText,#a8e6cf,#a8e6cf,authored,4.5,8.955377,8.955377,#1a1a1a|#0f0f0f|#262626|#333333
mint,dark,selectedAccent,#a8e6cf,#3f7b67,contrast-enhanced,4.5,1.282742,4.502704,#f4f4f4
mint,dark,selectedText,#171a20,#171a20,authored,4.5,15.844389,15.844389,#f4f4f4
mint,dark,focus,#a8e6cf,#a8e6cf,authored,3,8.955377,8.955377,#1a1a1a|#0f0f0f|#262626|#333333
mint,dark,boundary,#b0b0b0,#b0b0b0,authored,3,5.825823,5.825823,#1a1a1a|#0f0f0f|#262626|#333333
mint,dark,chartPrimary,#99e6c9,#99e6c9,authored,4.5,8.733913,8.733913,#1a1a1a|#0f0f0f|#262626|#333333
mint,dark,chartSecondary,#db3899,#ff5db8,contrast-enhanced,4.5,3.030912,4.518320,#1a1a1a|#0f0f0f|#262626|#333333
mint,dark,indicator,#a8e6cf,#a8e6cf,authored,3,8.955377,8.955377,#1a1a1a|#0f0f0f|#262626|#333333
mint,dark,effectSurface,#db3899,#db3899,authored,3,3.030912,3.030912,#1a1a1a|#0f0f0f|#262626|#333333
mint,dark,success,#55d991,#55d991,authored,4.5,7.051501,7.051501,#1a1a1a|#0f0f0f|#262626|#333333
mint,dark,caution,#f3a84c,#f3a84c,authored,4.5,6.327164,6.327164,#1a1a1a|#0f0f0f|#262626|#333333
mint,dark,alert,#ff7770,#ff7770,authored,4.5,4.888228,4.888228,#1a1a1a|#0f0f0f|#262626|#333333
mint,dark,accentFillText,#171a20,#171a20,authored,4.5,12.351965,12.351965,#a8e6cf
mint,dark,effectText,#171a20,#0f1217,contrast-enhanced,4.5,4.180474,4.501104,#db3899
acid,light,text,#171a20,#171a20,authored,4.5,12.708117,12.708117,#f4f4f4|#f4f4f4|#e6e6e6|#dcdcdc
acid,light,metadata,#60636a,#5f6168,contrast-enhanced,4.5,4.387656,4.508917,#f4f4f4|#f4f4f4|#e6e6e6|#dcdcdc
acid,light,accentText,#ff2ca8,#bb0078,contrast-enhanced,4.5,2.478894,4.525145,#f4f4f4|#f4f4f4|#e6e6e6|#dcdcdc
acid,light,selectedAccent,#ff2ca8,#ff2ca8,authored,4.5,5.126528,5.126528,#171a20
acid,light,selectedText,#f4f4f4,#f4f4f4,authored,4.5,15.844389,15.844389,#171a20
acid,light,focus,#ff2ca8,#ed0799,contrast-enhanced,3,2.478894,3.007864,#f4f4f4|#f4f4f4|#e6e6e6|#dcdcdc
acid,light,boundary,#60636a,#60636a,authored,3,4.387656,4.387656,#f4f4f4|#f4f4f4|#e6e6e6|#dcdcdc
acid,light,chartPrimary,#ff0e94,#bd006c,contrast-enhanced,4.5,2.666789,4.530322,#f4f4f4|#f4f4f4|#e6e6e6|#dcdcdc
acid,light,chartSecondary,#54ff29,#1a7000,contrast-enhanced,4.5,1.026062,4.555543,#f4f4f4|#f4f4f4|#e6e6e6|#dcdcdc
acid,light,indicator,#ff2ca8,#ed0799,contrast-enhanced,3,2.478894,3.007864,#f4f4f4|#f4f4f4|#e6e6e6|#dcdcdc
acid,light,effectSurface,#54ff29,#249000,contrast-enhanced,3,1.026062,3.023877,#f4f4f4|#f4f4f4|#e6e6e6|#dcdcdc
acid,light,success,#167442,#0e6f3e,contrast-enhanced,4.5,4.240964,4.554977,#f4f4f4|#f4f4f4|#e6e6e6|#dcdcdc
acid,light,caution,#975800,#8e5300,contrast-enhanced,4.5,4.125780,4.520754,#f4f4f4|#f4f4f4|#e6e6e6|#dcdcdc
acid,light,alert,#bb282d,#ba262c,contrast-enhanced,4.5,4.433190,4.502178,#f4f4f4|#f4f4f4|#e6e6e6|#dcdcdc
acid,light,accentFillText,#f4f4f4,#f4f4f4,authored,4.5,5.641918,5.641918,#bb0078
acid,light,effectText,#171a20,#101218,contrast-enhanced,4.5,4.202591,4.514682,#249000
acid,dark,text,#f4f4f4,#f4f4f4,authored,4.5,11.487442,11.487442,#1a1a1a|#0f0f0f|#262626|#333333
acid,dark,metadata,#b0b0b0,#b0b0b0,authored,4.5,5.825823,5.825823,#1a1a1a|#0f0f0f|#262626|#333333
acid,dark,accentText,#ff2ca8,#ff5eb2,contrast-enhanced,4.5,3.716817,4.509941,#1a1a1a|#0f0f0f|#262626|#333333
acid,dark,selectedAccent,#ff2ca8,#d6008a,contrast-enhanced,4.5,3.090667,4.517797,#f4f4f4
acid,dark,selectedText,#171a20,#171a20,authored,4.5,15.844389,15.844389,#f4f4f4
acid,dark,focus,#ff2ca8,#ff2ca8,authored,3,3.716817,3.716817,#1a1a1a|#0f0f0f|#262626|#333333
acid,dark,boundary,#b0b0b0,#b0b0b0,authored,3,5.825823,5.825823,#1a1a1a|#0f0f0f|#262626|#333333
acid,dark,chartPrimary,#ff0e94,#ff61a6,contrast-enhanced,4.5,3.454940,4.519905,#1a1a1a|#0f0f0f|#262626|#333333
acid,dark,chartSecondary,#54ff29,#54ff29,authored,4.5,9.453719,9.453719,#1a1a1a|#0f0f0f|#262626|#333333
acid,dark,indicator,#ff2ca8,#ff2ca8,authored,3,3.716817,3.716817,#1a1a1a|#0f0f0f|#262626|#333333
acid,dark,effectSurface,#54ff29,#54ff29,authored,3,9.453719,9.453719,#1a1a1a|#0f0f0f|#262626|#333333
acid,dark,success,#55d991,#55d991,authored,4.5,7.051501,7.051501,#1a1a1a|#0f0f0f|#262626|#333333
acid,dark,caution,#f3a84c,#f3a84c,authored,4.5,6.327164,6.327164,#1a1a1a|#0f0f0f|#262626|#333333
acid,dark,alert,#ff7770,#ff7770,authored,4.5,4.888228,4.888228,#1a1a1a|#0f0f0f|#262626|#333333
acid,dark,accentFillText,#171a20,#171a20,authored,4.5,6.220468,6.220468,#ff5eb2
acid,dark,effectText,#171a20,#171a20,authored,4.5,13.039318,13.039318,#54ff29
signal,light,text,#171a20,#171a20,authored,4.5,12.708117,12.708117,#f4f4f4|#f4f4f4|#e6e6e6|#dcdcdc
signal,light,metadata,#60636a,#5f6168,contrast-enhanced,4.5,4.387656,4.508917,#f4f4f4|#f4f4f4|#e6e6e6|#dcdcdc
signal,light,accentText,#e4362a,#c50304,contrast-enhanced,4.5,3.151069,4.518910,#f4f4f4|#f4f4f4|#e6e6e6|#dcdcdc
signal,light,selectedAccent,#e4362a,#ee4133,contrast-enhanced,4.5,4.032954,4.513810,#171a20
signal,light,selectedText,#f4f4f4,#f4f4f4,authored,4.5,15.844389,15.844389,#171a20
signal,light,focus,#e4362a,#e4362a,authored,3,3.151069,3.151069,#f4f4f4|#f4f4f4|#e6e6e6|#dcdcdc
signal,light,boundary,#60636a,#60636a,authored,3,4.387656,4.387656,#f4f4f4|#f4f4f4|#e6e6e6|#dcdcdc
signal,light,chartPrimary,#e33024,#c60000,contrast-enhanced,4.5,3.248294,4.502552,#f4f4f4|#f4f4f4|#e6e6e6|#dcdcdc
signal,light,chartSecondary,#8cccff,#256693,contrast-enhanced,4.5,1.255623,4.503380,#f4f4f4|#f4f4f4|#e6e6e6|#dcdcdc
signal,light,indicator,#e4362a,#e4362a,authored,3,3.151069,3.151069,#f4f4f4|#f4f4f4|#e6e6e6|#dcdcdc
signal,light,effectSurface,#8cccff,#4482b2,contrast-enhanced,3,1.255623,3.013526,#f4f4f4|#f4f4f4|#e6e6e6|#dcdcdc
signal,light,success,#167442,#0e6f3e,contrast-enhanced,4.5,4.240964,4.554977,#f4f4f4|#f4f4f4|#e6e6e6|#dcdcdc
signal,light,caution,#975800,#8e5300,contrast-enhanced,4.5,4.125780,4.520754,#f4f4f4|#f4f4f4|#e6e6e6|#dcdcdc
signal,light,alert,#bb282d,#ba262c,contrast-enhanced,4.5,4.433190,4.502178,#f4f4f4|#f4f4f4|#e6e6e6|#dcdcdc
signal,light,accentFillText,#f4f4f4,#f4f4f4,authored,4.5,5.634145,5.634145,#c50304
signal,light,effectText,#171a20,#101319,contrast-enhanced,4.5,4.217026,4.500204,#4482b2
signal,dark,text,#f4f4f4,#f4f4f4,authored,4.5,11.487442,11.487442,#1a1a1a|#0f0f0f|#262626|#333333
signal,dark,metadata,#b0b0b0,#b0b0b0,authored,4.5,5.825823,5.825823,#1a1a1a|#0f0f0f|#262626|#333333
signal,dark,accentText,#e4362a,#ff6b5a,contrast-enhanced,4.5,2.923958,4.514010,#1a1a1a|#0f0f0f|#262626|#333333
signal,dark,selectedAccent,#e4362a,#d8281e,contrast-enhanced,4.5,3.928731,4.500942,#f4f4f4
signal,dark,selectedText,#171a20,#171a20,authored,4.5,15.844389,15.844389,#f4f4f4
signal,dark,focus,#e4362a,#e7392c,contrast-enhanced,3,2.923958,3.019926,#1a1a1a|#0f0f0f|#262626|#333333
signal,dark,boundary,#b0b0b0,#b0b0b0,authored,3,5.825823,5.825823,#1a1a1a|#0f0f0f|#262626|#333333
signal,dark,chartPrimary,#e33024,#ff6b59,contrast-enhanced,4.5,2.836441,4.511975,#1a1a1a|#0f0f0f|#262626|#333333
signal,dark,chartSecondary,#8cccff,#8cccff,authored,4.5,7.337868,7.337868,#1a1a1a|#0f0f0f|#262626|#333333
signal,dark,indicator,#e4362a,#e7392c,contrast-enhanced,3,2.923958,3.019926,#1a1a1a|#0f0f0f|#262626|#333333
signal,dark,effectSurface,#8cccff,#8cccff,authored,3,7.337868,7.337868,#1a1a1a|#0f0f0f|#262626|#333333
signal,dark,success,#55d991,#55d991,authored,4.5,7.051501,7.051501,#1a1a1a|#0f0f0f|#262626|#333333
signal,dark,caution,#f3a84c,#f3a84c,authored,4.5,6.327164,6.327164,#1a1a1a|#0f0f0f|#262626|#333333
signal,dark,alert,#ff7770,#ff7770,authored,4.5,4.888228,4.888228,#1a1a1a|#0f0f0f|#262626|#333333
signal,dark,accentFillText,#171a20,#171a20,authored,4.5,6.226080,6.226080,#ff6b5a
signal,dark,effectText,#171a20,#171a20,authored,4.5,10.120968,10.120968,#8cccff
sulphur,light,text,#171a20,#171a20,authored,4.5,12.708117,12.708117,#f4f4f4|#f4f4f4|#e6e6e6|#dcdcdc
sulphur,light,metadata,#60636a,#5f6168,contrast-enhanced,4.5,4.387656,4.508917,#f4f4f4|#f4f4f4|#e6e6e6|#dcdcdc
sulphur,light,accentText,#e6d02a,#6d6200,contrast-enhanced,4.5,1.141090,4.507639,#f4f4f4|#f4f4f4|#e6e6e6|#dcdcdc
sulphur,light,selectedAccent,#e6d02a,#e6d02a,authored,4.5,11.136818,11.136818,#171a20
sulphur,light,selectedText,#f4f4f4,#f4f4f4,authored,4.5,15.844389,15.844389,#171a20
sulphur,light,focus,#e6d02a,#8c7e00,contrast-enhanced,3,1.141090,3.003054,#f4f4f4|#f4f4f4|#e6e6e6|#dcdcdc
sulphur,light,boundary,#60636a,#60636a,authored,3,4.387656,4.387656,#f4f4f4|#f4f4f4|#e6e6e6|#dcdcdc
sulphur,light,chartPrimary,#e6d129,#6d6200,contrast-enhanced,4.5,1.132951,4.507639,#f4f4f4|#f4f4f4|#e6e6e6|#dcdcdc
sulphur,light,chartSecondary,#663dd1,#663dd1,authored,4.5,4.856700,4.856700,#f4f4f4|#f4f4f4|#e6e6e6|#dcdcdc
sulphur,light,indicator,#e6d02a,#8c7e00,contrast-enhanced,3,1.141090,3.003054,#f4f4f4|#f4f4f4|#e6e6e6|#dcdcdc
sulphur,light,effectSurface,#663dd1,#663dd1,authored,3,4.856700,4.856700,#f4f4f4|#f4f4f4|#e6e6e6|#dcdcdc
sulphur,light,success,#167442,#0e6f3e,contrast-enhanced,4.5,4.240964,4.554977,#f4f4f4|#f4f4f4|#e6e6e6|#dcdcdc
sulphur,light,caution,#975800,#8e5300,contrast-enhanced,4.5,4.125780,4.520754,#f4f4f4|#f4f4f4|#e6e6e6|#dcdcdc
sulphur,light,alert,#bb282d,#ba262c,contrast-enhanced,4.5,4.433190,4.502178,#f4f4f4|#f4f4f4|#e6e6e6|#dcdcdc
sulphur,light,accentFillText,#f4f4f4,#f4f4f4,authored,4.5,5.620092,5.620092,#6d6200
sulphur,light,effectText,#f4f4f4,#f4f4f4,authored,4.5,6.055298,6.055298,#663dd1
sulphur,dark,text,#f4f4f4,#f4f4f4,authored,4.5,11.487442,11.487442,#1a1a1a|#0f0f0f|#262626|#333333
sulphur,dark,metadata,#b0b0b0,#b0b0b0,authored,4.5,5.825823,5.825823,#1a1a1a|#0f0f0f|#262626|#333333
sulphur,dark,accentText,#e6d02a,#e6d02a,authored,4.5,8.074376,8.074376,#1a1a1a|#0f0f0f|#262626|#333333
sulphur,dark,selectedAccent,#e6d02a,#7e7000,contrast-enhanced,4.5,1.422703,4.540825,#f4f4f4
sulphur,dark,selectedText,#171a20,#171a20,authored,4.5,15.844389,15.844389,#f4f4f4
sulphur,dark,focus,#e6d02a,#e6d02a,authored,3,8.074376,8.074376,#1a1a1a|#0f0f0f|#262626|#333333
sulphur,dark,boundary,#b0b0b0,#b0b0b0,authored,3,5.825823,5.825823,#1a1a1a|#0f0f0f|#262626|#333333
sulphur,dark,chartPrimary,#e6d129,#e6d129,authored,4.5,8.132388,8.132388,#1a1a1a|#0f0f0f|#262626|#333333
sulphur,dark,chartSecondary,#663dd1,#9d8aff,contrast-enhanced,4.5,1.897089,4.520205,#1a1a1a|#0f0f0f|#262626|#333333
sulphur,dark,indicator,#e6d02a,#e6d02a,authored,3,8.074376,8.074376,#1a1a1a|#0f0f0f|#262626|#333333
sulphur,dark,effectSurface,#663dd1,#8361f6,contrast-enhanced,3,1.897089,3.011681,#1a1a1a|#0f0f0f|#262626|#333333
sulphur,dark,success,#55d991,#55d991,authored,4.5,7.051501,7.051501,#1a1a1a|#0f0f0f|#262626|#333333
sulphur,dark,caution,#f3a84c,#f3a84c,authored,4.5,6.327164,6.327164,#1a1a1a|#0f0f0f|#262626|#333333
sulphur,dark,alert,#ff7770,#ff7770,authored,4.5,4.888228,4.888228,#1a1a1a|#0f0f0f|#262626|#333333
sulphur,dark,accentFillText,#171a20,#171a20,authored,4.5,11.136818,11.136818,#e6d02a
sulphur,dark,effectText,#171a20,#0e1117,contrast-enhanced,4.5,4.153949,4.504672,#8361f6
